﻿<?xml version="1.0" encoding="utf-8"?>
<Nebulae>
  <Nebula>
    <ID>1</ID>
    <X>217</X>
    <Y>127</Y>
    <Width>24</Width>
    <Height>31</Height>
    <Type>1</Type>
  </Nebula>
  <Nebula>
    <ID>2</ID>
    <X>207</X>
    <Y>237</Y>
    <Width>24</Width>
    <Height>31</Height>
    <Type>1</Type>
  </Nebula>
  <Nebula>
    <ID>3</ID>
    <X>232</X>
    <Y>240</Y>
    <Width>37</Width>
    <Height>20</Height>
    <Type>2</Type>
  </Nebula>
  <Nebula>
    <ID>4</ID>
    <X>237</X>
    <Y>133</Y>
    <Width>47</Width>
    <Height>56</Height>
    <Type>3</Type>
  </Nebula>
  <Nebula>
    <ID>5</ID>
    <X>15</X>
    <Y>53</Y>
    <Width>44</Width>
    <Height>30</Height>
    <Type>0</Type>
  </Nebula>
  <Nebula>
    <ID>6</ID>
    <X>82</X>
    <Y>19</Y>
    <Width>20</Width>
    <Height>20</Height>
    <Type>0</Type>
  </Nebula>
  <Nebula>
    <ID>7</ID>
    <X>77</X>
    <Y>60</Y>
    <Width>14</Width>
    <Height>19</Height>
    <Type>2</Type>
  </Nebula>
  <Nebula>
    <ID>8</ID>
    <X>136</X>
    <Y>128</Y>
    <Width>12</Width>
    <Height>19</Height>
    <Type>2</Type>
  </Nebula>
  <Nebula>
    <ID>9</ID>
    <X>180</X>
    <Y>188</Y>
    <Width>58</Width>
    <Height>45</Height>
    <Type>2</Type>
  </Nebula>
  <Nebula>
    <ID>10</ID>
    <X>110</X>
    <Y>75</Y>
    <Width>34</Width>
    <Height>22</Height>
    <Type>0</Type>
  </Nebula>
  <Nebula>
    <ID>11</ID>
    <X>147</X>
    <Y>89</Y>
    <Width>33</Width>
    <Height>57</Height>
    <Type>1</Type>
  </Nebula>
  <Nebula>
    <ID>12</ID>
    <X>24</X>
    <Y>224</Y>
    <Width>55</Width>
    <Height>47</Height>
    <Type>2</Type>
  </Nebula>
  <Nebula>
    <ID>13</ID>
    <X>232</X>
    <Y>117</Y>
    <Width>28</Width>
    <Height>20</Height>
    <Type>3</Type>
  </Nebula>
  <Nebula>
    <ID>14</ID>
    <X>228</X>
    <Y>205</Y>
    <Width>24</Width>
    <Height>35</Height>
    <Type>1</Type>
  </Nebula>
  <Nebula>
    <ID>15</ID>
    <X>66</X>
    <Y>97</Y>
    <Width>28</Width>
    <Height>31</Height>
    <Type>0</Type>
  </Nebula>
</Nebulae>